限,出発,到着
1 ,7:26,7:36
1 ,7:36,7:49
1 ,7:46,7:59
1 ,7:56,8:09
1 ,8:06,8:19
1 ,8:16,8:29
1 ,8:26,8:39
2 ,8:36,8:49
2 ,8:51,9:04
2 ,9:01,9:14
2 ,9:11,9:24
2 ,9:46,9:59
2 ,10:11,10:24
3 ,10:41,10:54
3 ,11:11,11:24
3 ,11:41,11:54
3 ,12:11,12:24
3 ,12:41,12:54
4 ,13:11,13:24
4 ,13:41,13:54
4 ,14:16,14:29
5 ,14:41,14:54
5 ,15:00,15:13
5 ,15:16,15:29
5 ,15:26,15:39
5 ,15:46,15:59
5 ,16:06,16:19
,16:23,16:36
,16:38,16:51
,16:53,17:06
,17:08,17:21
,17:23,17:36
,17:38,17:51
,17:58,18:11
,18:13,18:26
,18:26,18:39
,18:41,18:54
,18:51,19:04
,19:21,19:34
