出発,到着
7:10,7:26
7:20,7:36
7:30,7:46
7:40,7:56
7:50,8:06
8:00,8:16
8:10,8:26
8:20,8:36
8:35,8:51
8:55,9:11
9:15,9:31
9:25,9:41
9:35,9:51
9:45,10:01
9:55,10:11
10:05,10:21
10:10,10:26
10:39,10:55
11:19,11:35
11:32,11:48
11:56,12:12
12:12,12:28
12:20,12:36
12:28,12:44
12:44,13:00
13:02,13:18
13:22,13:38
13:40,13:56
13:56,14:12
14:12,14:28
14:28,14:44
14:44,15:00
15:08,15:24
15:16,15:32
15:32,15:48
15:48,16:04
15:56,16:12
16:04,16:20
16:12,16:28
16:28,16:44
16:44,17:00
17:00,17:16
17:08,17:24
17:16,17:32
17:24,17:40
17:43,17:59
17:48,18:04
17:56,18:12
18:04,18:20
18:12,18:28
18:28,18:44
18:44,19:00
19:05,19:21
19:25,19:41
20:05,20:21
