å¿,ånìù,èoî≠,ìûíÖ
1,206,5:31,5:40
1,208,5:58,6:07
1,206,6:11,6:20
1,206,6:20,6:29
1,206,6:32,6:41
1,206,6:40,6:49
1,208,6:46,6:55
1,206,6:53,7:02
1,206,7:03,7:12
1,208,7:06,7:15
1,206,7:14,7:23
1,206,7:20,7:29
1,206,7:26,7:35
1,206,7:33,7:44
1,208,7:37,7:48
1,206,7:39,7:50
1,206,7:48,7:59
1,206,7:55,8:06
1,208,8:01,8:12
1,206,8:02,8:13
1,206,8:09,8:20
1,206,8:13,8:24
1,206,8:16,8:27
1,86,8:20,8:31
1,206,8:24,8:35
2,206,8:31,8:42
2,208,8:35,8:46
2,206,8:36,8:47
2,206,8:39,8:50
2,206,8:45,8:56
2,208,8:47,8:58
2,206,8:52,9:03
2,206,9:00,9:11
2,206,9:08,9:19
2,208,9:14,9:25
2,206,9:16,9:27
2,86,9:20,9:31
2,206,9:23,9:34
2,206,9:31,9:42
2,208,9:33,9:44
2,206,9:38,9:49
2,206,9:45,9:56
2,206,9:53,10:04
2,206,10:00,10:11
2,206,10:08,10:19
2,208,10:12,10:23
2,206,10:15,10:26
3,86,10:20,10:31
3,206,10:23,10:34
3,206,10:30,10:41
3,206,10:38,10:49
3,208,10:43,10:54
3,206,10:45,10:56
3,206,10:53,11:04
3,206,11:00,11:11
3,206,11:08,11:19
3,208,11:11,11:22
3,206,11:15,11:26
3,86,11:20,11:31
3,206,11:30,11:41
3,206,11:38,11:49
3,208,11:41,11:52
3,206,11:45,11:56
3,206,11:53,12:04
3,206,12:00,12:11
3,206,12:08,12:19
3,208,12:11,12:22
3,206,12:15,12:26
3,86,12:20,12:31
3,206,12:30,12:41
4,206,12:38,12:49
4,208,12:41,12:52
4,206,12:45,12:56
4,206,12:53,13:04
4,206,13:00,13:11
4,206,13:08,13:19
4,208,13:11,13:22
4,206,13:15,13:26
4,86,13:20,13:31
4,206,13:30,13:41
4,206,13:38,13:49
4,208,13:39,13:50
4,206,13:45,13:56
4,206,13:53,14:04
4,206,14:00,14:11
4,206,14:04,14:15
4,206,14:08,14:19
4,208,14:09,14:20
4,206,14:15,14:26
4,86,14:20,14:31
5,206,14:30,14:41
5,208,14:36,14:47
5,206,14:38,14:49
5,206,14:45,14:56
5,208,14:52,15:03
5,206,14:53,15:04
5,206,15:00,15:11
5,206,15:08,15:19
5,208,15:10,15:21
5,206,15:15,15:26
5,86,15:20,15:31
5,206,15:30,15:41
5,208,15:33,15:44
5,206,15:38,15:49
5,206,15:45,15:56
5,208,15:51,16:02
5,206,15:53,16:04
5,206,16:00,16:11
5,206,16:08,16:19
,206,16:15,16:26
,86,16:20,16:31
,206,16:30,16:41
,206,16:38,16:49
,206,16:45,16:56
,206,16:53,17:04
,206,17:00,17:11
,206,17:08,17:19
,206,17:14,17:25
,86,17:20,17:31
,206,17:29,17:40
,206,17:38,17:04
,206,17:44,17:55
,206,17:51,18:02
,206,18:02,18:13
,206,18:08,18:19
,206,18:14,18:25
,206,18:22,18:33
,206,18:30,18:41
,206,18:45,18:56
,206,18:58,19:08
