系統,出発,到着
208,5:39,5:51
208,6:29,6:41
208,7:18,7:30
208,8:06,8:18
208,8:30,8:44
208,8:59,9:13
208,9:30,9:44
208,9:59,10:13
208,10:29,10:43
208,10:59,11:13
208,11:29,11:43
208,11:59,12:13
208,12:29,12:43
208,12:59,13:13
208,13:29,13:43
208,13:59,14:13
208,14:29,14:43
208,14:59,15:13
208,15:29,15:43
208,15:59,16:13
208,16:29,16:43
208,16:59,17:13
208,17:29,17:43
208,17:59,18:13
208,18:29,18:43
208,18:59,19:12
208,19:25,19:37
208,19:50,20:02
208,20:14,20:26
208,20:39,20:51
208,21:29,21:41
208,22:17,22:29
206,6:03,6:15
206,6:20,6:29
206,6:37,6:49
206,7:01,7:13
206,7:14,7:26
206,7:29,7:41
206,7:39,7:51
206,7:52,8:04
206,8:06,8:18
206,8:17,8:29
206,8:30,8:44
206,8:45,8:59
206,8:53,9:04
206,9:01,9:15
206,9:15,9:29
86,9:22,9:33
206,9:30,9:44
206,9:37,9:48
206,9:45,9:59
206,9:52,10:03
206,10:00,10:14
206,10:07,10:18
206,10:15,10:29
86,10:22,10:33
206,10:30,10:44
206,10:37,10:48
206,10:45,10:59
206,10:52,11:03
206,11:00,11:14
206,11:07,11:18
206,11:15,11:29
86,11:22,11:33
206,11:30,11:44
206,11:37,11:48
206,11:45,11:59
206,11:52,12:03
206,12:00,12:14
206,12:07,12:18
206,12:15,12:29
86,12:22,12:33
206,12:30,12:44
206,12:37,12:48
206,12:45,12:59
206,12:52,13:03
206,13:00,13:14
206,13:07,13:18
206,13:15,13:29
86,13:22,13:33
206,13:30,13:44
206,13:37,13:48
206,13:45,13:59
206,13:52,14:03
206,14:00,14:14
206,14:07,14:18
206,14:15,14:29
86,14:22,14:33
206,14:30,14:44
206,14:37,14:48
206,14:45,14:59
206,14:52,15:03
206,15:00,15:14
206,15:07,15:18
206,15:15,15:29
86,15:22,15:33
206,15:30,15:44
206,15:37,15:48
206,15:45,15:59
206,15:52,16:03
206,16:00,16:14
206,16:07,16:18
206,16:15,16:29
86,16:22,16:33
206,16:30,16:44
206,16:37,16:48
206,16:45,16:59
206,16:52,17:03
206,17:00,17:14
206,17:07,17:18
206,17:15,17:29
86,17:22,17:33
206,17:30,17:44
206,17:37,17:48
206,17:45,17:59
206,17:52,18:03
206,18:00,18:14
206,18:07,18:18
206,18:15,18:29
86,18:22,18:33
206,18:30,18:44
206,18:37,18:48
206,18:45,18:59
206,18:52,19:03
206,19:01,19:13
206,19:08,19:17
206,19:16,19:28
206,19:22,19:31
206,19:29,19:41
206,19:40,19:52
206,19:54,20:06
206,20:10,20:22
206,20:23,20:35
206,20:36,20:48
206,20:53,21:05
206,21:13,21:25
206,21:27,21:39
206,21:44,21:56
206,22:05,22:17
206,22:22,22:34
206,22:40,22:49
206,22:56,23:08
206,23:09,23:18
206,23:40,23:49
